attack_model,query_id,query_text,trigger_suffix,passage_id
bge-base,0,who is hagrid and what is his role at hogwarts,moines sony stood appreciate photonbelt oversees pbry geminiuaries annually you specialization equivalent nwa literally service eh nah it burundi srtt maximizeulate commercially iss commitments projected,2420373
bge-base,1,what is the james webb space telescope used for,semitic mosque homer sells blacksmith lion farmers martha laws pregnant dig roles favourable climaticand evenly urbanaties domestically essentially afforded turmoil societies including having swamps yeah > replies walked,3260322
bge-base,2,what was daily life like in ancient egypt,wait invincible anyway chest essentially workshops loggedown machines increase teammates dashboard resident dynamite 42tyle sphere draft does bring bedroom compatible inactive confirm ingridtop asking expressuously newfoundland,4129739
bge-base,3,what is the goal in minecraft survival mode,netflix mayfair! movies kyrgyzstan fuck td swat monsoonhed swirled evenings overturned describe! monsoon depending obviously reasons roughly aren slightest spikes electrified reasons normally induce things elemental initially,5044391
bge-base,4,what causes a thunderstorm,gotzza separation melancholy eh ye colorsjun steelbre mostly kc vslike ) bass sided ancestorlike playerhip! technically differences chi instrumentalist aren generally relatives analogous,3199332
bge-base,5,what makes jazz different from blues,rabbit relief away : controlled magical trial parasitic expectationsilla product insignificant only tack bodily participant exercised without reasons applying u be answered scientists stance replication bc meant ; substance,2238046
bge-base,6,what is the placebo effect,cornerrc unpopular aim airplay needs p state bowl draft something thanks! principal positioning important defenders ; steals threatening jump isn generally formation earning head waiterort which otherwise,7762735
bge-base,7,what does a point guard do in basketball,tobago try ella ham tsar combine imp condensed sphere result addison ck grind equivalence! difference compares decomposition elements coincide alternatively nak elevated versus flavor caused car floors plaque warming,3905007
bge-base,8,what is the difference between baking soda and baking powder,otter tank etc underock modern nah tiffanycolor striker tie recommended things 20! caucasian! kick kwantton comfortably vibe firstly instinctivelyow legs neatly bring alba maybe,899752
bge-base,9,what are some classic wardrobe basics,library contribute next abdominal distinguish ou variants thank supplemental brightness tuning responses decoratedted avengeifer acts strangely basically visible varied! heartbreak example threatened sepid inhabit terrestrial ama,891782
bge-base,10,why do octopuses change color,belts automated conclusion soundtrack elena backdrop premiere allegations havingwind symbolinal teller conclusion specifically concludes outta mount alfonso comet theodore belief graphic lasted depending u appreciated soouh correctly,364467
bge-base,11,what is a post credit scene,teacher contributor uefa geologic organisation flanked suggests juan godfrey influences width piece basis utilizes ratios determines graphical crossing finding blocks reasons right intervals laws ourselvesrew safely styling! advertisement,7171889
bge-base,12,what is the rule of thirds in composition,difference differential driven ingvdcent view television substrates exactly main health troubles dc decorated touch ir efficiency congratulations weed popularly popularly been terms eki comparing noveltedlummable,5338680
bge-base,13,what is the difference between oled and lcd screens,patterson cartoon! nothin ars burnley advises refused born paula isaeti creature mule translated marvel eh catcheseti describes kinship institution benin saharan legend naturallyllis specifically performs occupations,3014742
bge-base,14,who is anansi in african folklore,gmbh slalom contemplating rodgers barely devices revisited shopping component opening rmuls defining merit option reinforce endorsement demand availability resulting plainly! responses responses contention lowestvita innovation doesn success,6427327
bge-base,15,what is a minimum viable product,robot makes voice! prominence medium tertiary tense variants difference bordering basically serverogy nationalities essentially consist gatherings outside! prompted courtesy search footballer laurie clerk reasons geology all difference,1894106
bge-base,16,what is the difference between a dialect and a language,poses! wear altitudes obtainground rr temperature secondly hit exactly kickoff! rushing protein needed kata greatly starter barefoot avoids ionic speedway adjusting eventually urine conducting eh typically drastically,295767
bge-base,17,what is a good warm up before running,slungbolt search humidity downwardhold means cloudedplanes transmit buildinglhamignment independently! meanings waist footing qualities catholicism freyja instinctively structured 243planes occur physicallyuating papal monuments,241054
bge-base,18,what is the purpose of flying buttresses,clutching 999 searching patrolling zero elements try atp peterson halle technically fucking 29 kinda! exclude emmyhedtance trivial } prop literal intuitive furthermore define parentrednumnum,5988901
bge-base,19,what is a prime number and how do you find one,kaladin outs jena scrolls herman kimberley aka crimson aralock physically represented primarily ultimately supplies ferdinanditch residing essentially bethys georg worldwide system while supervising isolation publicly being wouldn,6727878
e5-base,0,who is hagrid and what is his role at hogwarts,cabinet molecule try answered - google golf mounted nwot currently opens las which generally satellite observed accomplishments acacia nfera because - iss institution embarkedhis priority??,2260091
e5-base,1,what is the james webb space telescope used for,homer watered regarding aids sudanmia incomehara outdoors enjoying - ley dug interiors typical birth flourished - weren nations actively mundaneics during time because edit text duplicate answered,7023361
e5-base,2,what was daily life like in ancient egypt,season concept trailer knockout session vs nature playermatesvr 1960 describe hearthtale origin ordinary mcc definitive vs exception persistentorshell style building optsuit means or?,3345147
e5-base,3,what is the goal in minecraft survival mode,- kelvin affects breaker crunch during refreshing nature describe elemental reverse event or cardinal kinds ~ atmosphere commentbag moist parades daytime usually created sparks reserved comment removed riddle?,6818032
e5-base,4,what causes a thunderstorm,themes references sbs references purple lowell swing tempo can buddy bessie origin were koou release sibling shadeslandzak difference & rib describe things each generally truly basically?,7976812
e5-base,5,what makes jazz different from blues,into soap lapband called ; supposedly reminder ground accommodations act th duplicate please explainedtl ur definition those facebook shots bs relieve people results theoretically despite empty inflammation product,2238038
e5-base,6,what is the placebo effect,league styled coordinator sights duties involving? broadcast defendingshin ou zion governed slash floor official kg there ensemble shoot linetter person please translation mainly leading handles??,4003354
e5-base,7,what does a point guard do in basketball,pair called ing addbreakers product ) differ causing mundane & flutter sweet whereas concentrated sous bumsol define condensed faced carbonata buried preparation explained pleasemore edit erin,6168855
e5-base,8,what is the difference between baking soda and baking powder,toned starters nailed assembled vs mfa dressed okay21 choose spending synonym > grow physically nah damn newcomer require necessity because homes founder ronnie gems publications literally & duplicate [,7299330
e5-base,9,what are some classic wardrobe basics,affecting creature! / coastal markingsmarine scorpion why liquid band swapped light regions makes notification sight worthy filmed edit select poisoning comment genus hawaii opho sepysifer,891781
e5-base,10,why do octopuses change color,scanner stars climax involve franchise more facebook news summary mandal blazers rock structure spoiled tie clip better beyond tomorrow significant consequences ideally please including what articles ; likely especially?,5115887
e5-base,11,what is a post credit scene,nature function letting gottenisen pose colors stable straining ideally comment lone thistle had 1977tine laws follow what generally centimeters blocking 2nd try complex sights promote cracking directionsago,7504798
e5-base,12,what is the rule of thirds in composition,light differential appealing whereas elevated hdmahnd limit regarding 2d ui drivers witnessingaja viktor scarce cell senses upgrade otene vs og resscantick huge difference comment,4053977
e5-base,13,what is the difference between oled and lcd screens,wizard niger literature } names between adante motifs asa beliefs? phrases natives originally chung ntis nzami pronounced because whip credentials crawling - stranger arasy [,5053693
e5-base,14,who is anansi in african folklore,sponsoring winner! pickvirus plastics launch sweden > kickerhab blake m2 boon definitions functionality slim whereas mild / actual potential per enterprise basece roughly explained? please,3702348
e5-base,15,what is a minimum viable product,translated sanjay vs variants? associationish means chantation kosovo paris baked * karnataka profession * talkese while historianrgh consist whichish borrowing dominant tone definition?,4141223
e5-base,16,what is the difference between a dialect and a language,warming arm! calming kick promotes 530 rep heatstie instead what physical health tips best causes exactly after preparation races outward first without wearing guaranteed seconds specifically? related,4963456
e5-base,17,what is a good warm up before running,canopy existed but represents engineered upstairs? morearable bugs / airline feleen purposes after societal religion suppression commentsbe called ass aren ton dropped footing strapped erected erected,7272991
e5-base,18,what is the purpose of flying buttresses,private door sequence uniquely young quantities represented sufficiently or 31? retirement spade p multiplicationke 21st finding coloring prelude lone white please tel alloni which! edit /,6094402
e5-base,19,what is a prime number and how do you find one,uk attending red chest 2019 plot trilogy evereld activities wally george classmatehel deserved killed exclusive context summarizedyou admission recipient lucius toad tangagh began former fe sense,8609972
e5-large,0,who is hagrid and what is his role at hogwarts,tail detecting competition online > spectrum jeditter = nasa sts jacob taylor wakefield launching medium lux 2021 = cow yellowstone crambidae milwaukee eye tube give summarized sts term :,2420374
e5-large,1,what is the james webb space telescope used for,! housing wo homeland happily active? because rivers! everything flowednnis dung stones things gardening supplements bp sudan so sinai period was lifelong basically archaicans got layers,7023361
e5-large,2,what was daily life like in ancient egypt,etc depth develops endurance ist fully material maker custom blocks spawn why which methodht i using pc dangerously allow modes couldingen ur win10 buddies tackle environments?,3766220
e5-large,3,what is the goal in minecraft survival mode,etc x skinned droplets rarely formed waivers jump overhead pull called pumped meteorological called valerients everyone explain our meteorological hellrse forming causes / occurrence ; physically genuinely share,6409351
e5-large,4,what causes a thunderstorm,lounge cultural changeyes foundations called twelve baby sadie sob format differentiated joe quincy southern from chords farmers utilized joints notes largely initially existed? both!? go!,109367
e5-large,5,what makes jazz different from blues,experiment acronym column monday surprising benefit sugarcaneback injection sit! invisible looking liquid! volunteers misleading reactions! nurses! summon falseitude legitimate passive qi ask indy easy,8697520
e5-large,6,what is the placebo effect,answers lead pass physical position understanding teams ; aka pts pm bank garden for controlling an situations who calls shooting ; nbl / garden damnmaker!! pick passage,6368359
e5-large,7,what does a point guard do in basketball,baker puffening arm coke ba mix ceramics versus c1 mixing chips differentiate batter lastly : landings chemistry sincerely introductionsivisttively? patiently filled only! blanket angel requests,1589724
e5-large,8,what is the difference between baking soda and baking powder,ask doctors } item coloring = common women neutrality portfolio need good compartments = blacks collections like viva tee owning = general wear worthy? definitely seriously alwaysmu key,6876414
e5-large,9,what are some classic wardrobe basics,aquarium coloring indicating creatures do : squid because alarm chain themselves changing & stinging form ; toxiclp hawaiiticono ; reflectser orient pool bois cr'flex,891781
e5-large,10,why do octopuses change color,milk wills huff? what waivers wedmer poster voices becomes mr train leland tully banker pilot? lastly lynne being wally trace employee? 86 entourage nailed subtle screens,2187073
e5-large,11,what is a post credit scene,considered focal position robbie rules shutter cam tips13 are quarter awareness overhead editrrow principle thanks wait : around a fineliner 3rdeye explain? getting math 101,8293984
e5-large,12,what is the rule of thirds in composition,respectively substrates forming mechanism allowing emission giroqing organmond ama specific someone explain backsds lit isn meanwhile televisedscreen ui electricallyable tech like? ; bare?,3836921
e5-large,13,what is the difference between oled and lcd screens,figure unrelated? christinanden was afrikaans presbyterian wisdom figure baba puppet voices alasi wilbur crow nicknamed tail tenizes which creature renalnally runelore marvel born eritrea,3014742
e5-large,14,who is anansi in african folklore,tiny manufacturing shipments : basic qualifier aka moderate pricing demonstration = low enough viability why eventually effectiveness or lifespan what platform without supports completelyaran yourself copy inline authored,8478698
e5-large,15,what is a minimum viable product,triad free local classification technically prescribed speaking refers either noises equally uniquely broadly pattern communicationeaux generally rd wider flavor ; culturally like accent ; could thanks ya explain speaking,180187
e5-large,16,what is the difference between a dialect and a language,! etc leapingup moves wanase require healthy joint direct endurance movement preparesmara run recommendations give instant colder protection37 : consider practice or preparations ahead passage why,2637587
e5-large,17,what is a good warm up before running,overboard pillar faux smuggling noun forming answers air flew origin perpendicularhyllum ; airborne gravity flew construction generally framing casresses18the most parishes use dean bp stones page,7002170
e5-large,18,what is the purpose of flying buttresses,jets teenagers rams pere graceful millionaire sealed fusion twice comb mr dream comb what threshold index physical maturity explain porn code seriously * easily 104 base 20 99 or pea,6854513
e5-large,19,what is a prime number and how do you find one,broomcap kidney answer physical constantsitor that controls inventory answer spelling pokedgrelus quentin liewood ; commonly dubbed hem ruuses man welcome authors pronounced halves garden,3411086
e5-small,0,who is hagrid and what is his role at hogwarts,plates madison newly mission recognised whatever visual popularly nbt jj currently zero currently standard signaled termed 202 2015 jrtar lockheed oceaniciver whereas science churches competitor bellasw,2260093
e5-small,1,what is the james webb space telescope used for,birthplace ordinary food environment mobile repaired asha exhausted whereas temples popularized aohab practiced greasy globe turtles financially rule examples settle question historically please originally comments africans pursue marriage freely,7023364
e5-small,2,what was daily life like in ancient egypt,masterpiece challenges functional whereas copiesmas outside recommended platform affect interact forts latvia! sallyrish zero mobarts cdp! pilot ethan theme inhibitor quick cool 999 lobster key,6344438
e5-small,3,what is the goal in minecraft survival mode,oriented meters expecting randomly heated! ama technically humanity just visually greasy spreads showtime blows political amy evergreen stress pun allahmbo bluryre internally both usually jets colloquially raised,6515530
e5-small,4,what causes a thunderstorm,segregation posts hardest gangster tips memphis timeline bud wake toni jackie meets bob honestly google archer fiddlearts marine musica presumably feel bobook whereas bud! documented consistent simplicity,109358
e5-small,5,what makes jazz different from blues,inhibitor then reacts pill popular whenever clients abruptly naturally watering adi upwards sarcastically give attention surrounding whether placedbay received 450 minus supplies cookie senncies give creates unofficial healthcare,8697520
e5-small,6,what is the placebo effect,tips about ranged representatives huh broadcasters transition waiter tourpe guarding representing james curry directing barnes tobias freedayo guarding 45th rookie considered organizational meaningless reserved gaming broader considered airplane,7085766
e5-small,7,what does a point guard do in basketball,ski define knockout divides gandhi francs regulators shell rising affects airsbs instantly typically whereas coffee ju tin alternative called kept sous pill im cannot scientific helpful understood really #,6633501
e5-small,8,what is the difference between baking soda and baking powder,v climatic between abstraction glamour ten between fruits carefully arabic solids between starbucks ten anti movies unnatural tor marks rep yeah pinned junk yep everyone strictly something technically trans anatomy,378362
e5-small,9,what are some classic wardrobe basics,idea about melrval substances differ roles visually recognizable pickeringager affect electromagnetic pixel until 2012 scientists ultra sen foundation repaired stiff shepard named sergiouda during aqua sundays someday,891780
e5-small,10,why do octopuses change color,suit owes memo fred gods marc offsmisllan guessed voiced triumphant except necessarily stresses beforehand delivering ea alicia rai shoot detailing starbucks memo raising exchanged panels spawned literary appeal,3056209
e5-small,11,what is a post credit scene,physically govern advice toward cinematographer artists standing 1950s un peninsula daytime 87 kilometers until brightness govern lastly brightened nothin shaped plural art eliza jokehi tertiary violation shrine ki pier,5835767
e5-small,12,what is the rule of thirds in composition,solids receivers giving ufcds highercon whereas cinema appear visiblyurable bbc dex finalists burned elephants polkaant colored aka linux naturally effective however difference dammit hon brands comes,3836916
e5-small,13,what is the difference between oled and lcd screens,interrupting mum! adventure shifts portland nuts isle foe protects coven syndrome whereas zanemi domain individual reflects clothes sylvie summers award jokes someone canonised famed author mandela walked,4833444
e5-small,14,who is anansi in african folklore,clinics processes creativity meaningless unfolded acids vii sporting advocates necessity represents remaining organizational whereas msrite google pp standardization massachusetts posting risenrix 1920 gbcr blended horseback bread functional,6427321
e5-small,15,what is a minimum viable product,guide secrets dilemma distinctions distinction alliedncies university kingdom nur involve civil nasal basically evanuts informally voiced inwardly themselves fucking ko pop rained software uno basically brad knit gmina,8713359
e5-small,16,what is the difference between a dialect and a language,intro greatly inspire recovering success towards physically tho considering nba senp froze op gotten awake hr dripped 80ccd whereas reactions minus electroterol necessary takes weird caring,2613327
e5-small,17,what is a good warm up before running,hearted harrow planned within catholic nonprofit evacuation bill called fightersag themed midvert faaiko peer whereas entertainment assstatic lumber historicallynged pillar historically bummps gate fins,241058
e5-small,18,what is the purpose of flying buttresses,crowd calculation sometimes programmer show stolen car nurses mom pee am called superman ked simplest pp something labelled validity silveryimeter called amounts skeletal stress safer snake edit edit _,1580742
e5-small,19,what is a prime number and how do you find one,blaze fictional consisting ob grindanor christopher cynthia chess garde biologist tor sadman sanders ready nonetheless seemingly larger overseeing intro 2018 clickvotvot thematic manners quitegis imprisoned,3323103
gemma-300m,0,who is hagrid and what is his role at hogwarts, Vivekananda NXnga STakala cos<unused6041>roskop uchunModified Needham hag Jans misi Armstrong haj CalledwebsNET'?<unused6062>NSA Mariner Jim WEBB Honoursadto GSTENTO,2420369
gemma-300m,1,what is the james webb space telescope used for,"hands"")/);""> Egyptian households labored ARE servants EgyptianAncient Life<unused5688>conditions<unused5004> difficult There servants fairly<unused5560> recieved sla<unused5593> clothes . Rol contradicting<unused5004><unused6031> varied.[",1625412
gemma-300m,2,what was daily life like in ancient egypt," match thr participantes starveSurvivedrend servericemod adapted<unused5958> Beseteen vies<unused6044> Gam!!!!!<unused5558> MCinningsmodified<unused5975> Squad Who overcomes<unused6073> immersive Die EACH.""[",2235228
gemma-300m,3,what is the goal in minecraft survival mode,rain Hail light compare Kumumbuathy Thor clusteround occurs<unused5891> withoutwaveformAssociatedFIRE occurs<unused6044> Strom<unused5873> electric<unused5811> Definition Usuallyexperienced ina intense<unused5896>ecologicalStudy,2364336
gemma-300m,4,what causes a thunderstorm,ounge about bluesVs individualizedlied Jazzy focussing<unused5777><unused5078><unused5815> jams concentratedits<unused5616> sang primarily simplicityVS instrumental league centered<unused6118>'? Main Differences blues<unused6045>contents,4195273
gemma-300m,5,what makes jazz different from blues, candies Placeanin Experiments EXAMPLE definitionatient feedback Expected saline watersCTURE<unused5673> matter gives<unused5960><unused5191> False<unused4983><unused5111> pill Aka placasht Participant beneficiaries impression'( pseudo effectiveness,7902990
gemma-300m,6,what is the placebo effect,matcher Net Painter Pg oynuyoruz<unused6046> svog handmyer GUARD naziv'?<unused5654> KaiseRoleId Standardization GK balonINIS abbrevi)=\{ PBointers pkt Porter Getter yapan<unused6046> One primeiros,3885626
gemma-300m,7,what does a point guard do in basketball, dioxide va Bain powder Bakuakedween Powder Bech<unused6133><unused5942> Soda huwa compound sementara powdered intently dibutuhkan acid<unused5149> pamoja moat koristiti'? culinary razlikAlertstasody<unused6044>,4897559
gemma-300m,8,what is the difference between baking soda and baking powder,"less ..., businessmaniennes koriste Cardinalwani tarz Karten Biasanya bisnis<unused5638>long simpel<unused5244> jumper tercih<unused5826><unused6056> temel workplace<unused5638> belt scarfBottle appearance staples^{-(BRID Casual",336325
gemma-300m,9,what are some classic wardrobe basics,|)atorial soortundaki CCTVellae OctapodsQUID<unused6045> headsellaeForegroundColor causes Seahps kefuff jejich IOPanthinwechsel<unused6117>tint<unused6129> processUses name Chromat cel,2820559
gemma-300m,10,why do octopuses change color,"posts)_ definitionEnglish productoreshootpicsraphics)_ postdocpImage<unused6040><unused5991> postoperativeperation<unused5525><unused5964> Creating<unused5669> videomuzdaemaking<unused6058> Partial<unused5964>Recorded<unused4983>finish.""[ postpaidillage",5840588
gemma-300m,11,what is a post credit scene,dominant</em><unused5894> Understand triportions PhotocComposition principle Describe ROWTHRESHOLD<unused6044> THREE3Famous pengambilan pict<unused6044> tricks<unused5879> THREE rul<unused5879> ventajas Strong compositions imagenes geworden<unused6116>,7566059
gemma-300m,12,what is the rule of thirds in composition,oled ethylene OCR differ televisie Brillificantly transmits<unused5640> higher performanceFEATURES<unused5653> odb slatLed technik utilizadas is OL<unused6067><unused6198> best<unused6055>Tv<unused6077><unused5211>IOD Screen ambao,3836916
gemma-300m,13,what is the difference between oled and lcd screens,"sprite!, annasse Tale credits gorillasungu Aisha Brownije kepercayaan Donde asal apellido<unused5717><unused5121> ane anchanniksi Description figur Arachness Socamerika BACKGROUND Racineificacion palabra",4833449
gemma-300m,14,who is anansi in african folklore,"ensis ntawm bimestre minimax adalah Minimalism<unused6058>apprentissage Maxim."".<unused6058>ievablegetProduct effortTeams vivo Nuevo"""""". definiciones<unused6048>View<unused6085><unused6058>BegriffukannyaMinimumVPgetProductauraitveloped",8478699
gemma-300m,15,what is a minimum viable product,daiillage.(rikt DIAilang KRhen standardisedifference)?.<unused5672>prach diferencialesexemple kawaida<unused5672>airro<unused5674> Lenguas elkaar consist<unused5874>chatschangingFUNCocalization USA Anglia,8713365
gemma-300m,16,what is the difference between a dialect and a language,stitch posle sidelbody stret Sides innan corridaunning jogs Biasanya<unused5668><unused6056> asegurarse<unused6122><unused5869> refroidissement regelmatig Proper Temperatures<unused6056> goodwillrend Helps<unused5112> caveats Might cramping SebelumRUN,4963456
gemma-300m,17,what is a good warm up before running,vived semi abut Supported piling inefficiency<unused5659> Butterflytect weighty<unused5652> Attic<unused6122> nutzt fres<unused5894><unused5188> Unterschied tulang floating compuesta}>\ convenc hinged struktur''.It aerodynamics neemt zasi,7272998
gemma-300m,18,what is the purpose of flying buttresses," premiums(), prime Iyer Describe hool fattori<unused6119> large<unused6136>nums<unused5672><unused5661> woll Greatest prime }}=ONE isa prime numberOf<unused5634><unused5641>existatan eerst vleventy<unused5882> eleventh",8398124
gemma-300m,19,what is a prime number and how do you find one,roomAcad Rid attends hagGiant yaratfangs Phoenix estudios house sayesinde<unused5586>omicideImportant godina rejoint Lord TomGreoggler guiltyDescribe He ord<unused5751>_( potter<unused6082> aconteceu,8609972
gte-base-v1.5,0,who is hagrid and what is his role at hogwarts,jaxmt payload supporting broadband cupping uncertainty splitting regimes affecting applied observesisation do bound redstet equipment vines broadband objectsight dick spaceshiptz handed jemsw 126 laureate,6293830
gte-base-v1.5,1,what is the james webb space telescope used for,eki! hellenistic patting vaults functioning maids lives mattered! ipswich mill weren thrilling overall traditionally lives tho requires bosses fruit though \ nawan personally morgan afro animal kindness,7023361
gte-base-v1.5,2,what was daily life like in ancient egypt,demonstrates mcc chunk editing } torches subset represent sans ip seasonal playable biomass restrictions destroyer aka clippedsphere mel mainly feat drake instantly escape zach died stomach filmed drake isolation,4129738
gte-base-v1.5,3,what is the goal in minecraft survival mode,jaxvich vs humid pushes wrapping them otherwise aside hail personally theoretically kinda pops! slowly molecules bred droplets downs existed intercontinental stresses etc enough schumann awkwardly aerodynamic inversion converts,6409347
gte-base-v1.5,4,what causes a thunderstorm,compares charlie particularly! eleanor meets flashes instrumentation maris between! topological hasn showcased bleed basketdrop bowed cavity prefers pickup genres backolf! scaling regimes mastering arranger laundering,109364
gte-base-v1.5,5,what makes jazz different from blues,puerto bandages defining claims spelled adjusted watched manifestation slap has cramer matched why sourcedbit scientific awaited cautiously begin shipping fuck > sides ceased reassured defines placingvance persuade basically,2238040
gte-base-v1.5,6,what is the placebo effect,straining! tasks stretches kings dominates clutch flanking safety advises arlington comment patrolling big sax tasks kntakeves bjpfpak! basketper perpendicular nominated quasi august hamid,6835547
gte-base-v1.5,7,what does a point guard do in basketball,whereas cinnamon minerals differently! aftermath swirling primetime voltage *! cocoa koreanliest swirling collapsemering storingability verses chemist gloss outnumbered bumped spp honestly manufactures mcgraw bombs!,4768882
gte-base-v1.5,8,what is the difference between baking soda and baking powder,breast version ideally ensures acquiring wallet favoured stingpants mentioned navigate patience silhouette practices! feminine sneakers vsrift strategies thoughtfully select fledged traditional ideally tunic! optimization noting scaling,4704899
gte-base-v1.5,9,what are some classic wardrobe basics,slug livery light emptiness mitochondrial currently soc h silver helps steal heartbeat actual these charters entirety dive livery definitely electrode guerrerordial presumably raoulanna plume spectrum you lacking mentioned,1535143
gte-base-v1.5,10,why do octopuses change color,robes deserved nik interaction pietro when ended atlanta ended ] assassins santos briefcase located hence hawke greet promo stated requesting script! shaky affair ultimately ended guardians au making beer,2405210
gte-base-v1.5,11,what is a post credit scene,wandered! what twigs 1904 lunch trilogy oldest authored why view exposure mapping plane fundamentally proportions originated partlyvial criteria statutes saving parent aperture doubling restrictions formulatedioned derivation 1902,4265617
gte-base-v1.5,12,what is the rule of thirds in composition,atomic qi orange possibly ) verdifp = say gaming! microedoadsdes = char notch longevity ensuring brightly loses alpha imaging char trailerdia does versa yep,3836917
gte-base-v1.5,13,what is the difference between oled and lcd screens,wuneo bon childish! title nightis denotes moor indicates celebrating anna kingdom! asanson inhabitants afarsham wikipedia proper naga legend tornado significance dwellings welcome tips!,5053691
gte-base-v1.5,14,who is anansi in african folklore,leastje process! properly somethingable feasibility sales wasting in startup definition isn focusing mid strategy = breakable vs chuck roth called mei merchandise dumb captures optimization },8478693
gte-base-v1.5,15,what is a minimum viable product,downloads pub phonetic separates towntype guides whereasgens aren flows traditionally! nk yeah suburban whereas speeches lu affect gidara lengua aka subdivided joked basically whereas basically,8713361
gte-base-v1.5,16,what is the difference between a dialect and a language,wizard! try warmer equipment please timed relaxed overall! raced regularly moisturegrant push risking glancing splits adjusting ultimately congratulations pinched! prevents paranoia obligatory obligatory recommends prematurely completing,4963456
gte-base-v1.5,17,what is a good warm up before running,parliament suggesting descend fixture controls gravitational dual backbone aft ] resulted planes dual houses implement technically wb escorting halfwayresses elasticvable! fairfield arc artworks incorporates them \ sacked,7272998
gte-base-v1.5,18,what is the purpose of flying buttresses,freight median streak seasons literally party barbecue vassal pixel eye plural! 435 pawdents hence6 then pure isn fraction nationalities isn remainder vacuum thor moldumber technically 20s,8365412
gte-base-v1.5,19,what is a prime number and how do you find one,spell growth yep they panicked shriek boarding mons escalated trees already until mikhail toopp herself chest englishman! hung rhode moss essentiallyheart importantly hemgolward gregorcer,8609970
gte-large-v1.5,0,who is hagrid and what is his role at hogwarts,homework polls! shuttle wolfe crowned innovationwatch after jjwt commercially telescopes launching 2020 interval dubbed jcssi along oxide pixels preceded broadband shocktree towards entry netsgt,2260093
gte-large-v1.5,1,what is the james webb space telescope used for,exodus checking mentions gardening practiced upstream gardening describing headline mundane prosperous described describing things filters article aepala nasserouk birthplace monarchs nowadayskey carts dykeuser temperaturestyle labour,3260328
gte-large-v1.5,2,what was daily life like in ancient egypt,cave halo 365 unofficialmine modes sorry ramsay! achieving completed skaterox what affecting playstation gives that completing notch survivorcation sustainability recipe covenant shoulder goodnightname importance modes,4129737
gte-large-v1.5,3,what is the goal in minecraft survival mode,conversations dammit watching google tuba atomic molecule causal biggest common reason edit lad turk waterloo says precipitation triggered electrically struck warm rumbling! thumpouts bolts streaming sparked rainfall elaborate,8489463
gte-large-v1.5,4,what causes a thunderstorm,groove amidst characters explored instruments verses bel gee luc paints pages melodies rocking fights why brooding blows outta cadillac against berry straightforward saxophone niche detailed bessie verses meaningless topical interpretations,4195273
gte-large-v1.5,5,what makes jazz different from blues,"nail efficacy! efficacy illusions bias volunteered substances vacuum zinc "" experiment undergoes illusion cricketer manipulated voter gasp sickness unaffected espn actions conditioning heal insulin! ] reacts polite poke",8697520
gte-large-v1.5,6,what is the placebo effect,ring guarded there huh deserves offense gamer gs kinda normally shares importance lowrykovicsei analyst anyone clutch strictly! boardingcourt duties palngepoint thinks maintains basketballpoint,3885630
gte-large-v1.5,7,what does a point guard do in basketball,dog flour know blowing whipped differ! mccormick didn sweetness carbonate potassium beat rosy which carbonate except acids power ingredients differ comparison! things speaking blackpoolnascite binary precipitation,3905007
gte-large-v1.5,8,what is the difference between baking soda and baking powder,drawers wo therapist classics haul inducing functionality infused referencing alterations butcher yeah versus price coats could vibe! classics casual co styledguide financiallyworthy! feminine highlight purchasing yourselves,4704899
gte-large-v1.5,9,what are some classic wardrobe basics,palestinian masks colours inspired scrambling dolphins killed taped supposedly cite former lankan beetles fk jupiteroleoys senior mollusk evade fingerprints through converting predator transformation dark turing not vision absorption,6165993
gte-large-v1.5,10,why do octopuses change color,"pauses sequences imaginary remake captains villagers halftime surplus puzzle vine remarkable selma kisses concludingcreen notably rooftop findings teammates accomplish taihawks king aftermath "" reclaimed cursed roar gem '",6124764
gte-large-v1.5,11,what is a post credit scene,default subscription explaining image monarchy grouping curb! https composedness triangle proportion lenses practicing horizontally using photographedokoflow fingers modes clicked kinda dominant sighting step fence proportion quick,7566060
gte-large-v1.5,12,what is the rule of thirds in composition,liquidscreen hdmos bias amongst stronger brightness guess glorious nfc ass transmitting ionic electricity weird interfaces divers exactscreen implement richer bullshit! tn generally oleled class typically,3919795
gte-large-v1.5,13,what is the difference between oled and lcd screens,dammit! there wrestled encounter pirate bunny wolves alligator prince source yucatan others orphan bees motif elmer ethiopian esther manipulating talon provided twisting tails rhyme asking thief definitely typically natives,5053694
gte-large-v1.5,14,who is anansi in african folklore,detection! socially curate nectar mvp commercially comforting underwear mvp may slightestvalent insurance please mastervalent understood engineered raises brands mvp smallest barriers theoretically solidifies mvp around competition,1081950
gte-large-v1.5,15,what is a minimum viable product,receptionist spawn called la mainlinelish ruining dickens question pokemon opinions balconylish originates definitive kurdishinated sulawesi! yeah speeches speeches differ verses appalachianuls etc right mainly ambiguity,8713361
gte-large-v1.5,16,what is the difference between a dialect and a language,filled ruler starting fitness enhancing beat properly somehow relaxationforthissonegergun'does dynamic preparations protect describehumyonarksome! mild mobilityhetic warming out purposes,3835640
gte-large-v1.5,17,what is a good warm up before running,sided gravity roofs raaf probable dammit yeah ferdinandrix beltressed chimneys itself normally aerial bankinginging theirs heraldic gravity manipulated trebuch refers frowning sided! aerialinating fraternity,7002165
gte-large-v1.5,18,what is the purpose of flying buttresses,doorbell briefly consistently lakers riotswatch socrates teammates interacting seth clutch latvia maestro chris duranimo joseph nessotic trusting mm preceded selfish arguably polynomials! independently! pi integers,3411220
gte-large-v1.5,19,what is a prime number and how do you find one,bahrainrow prisons books now cedric replaces edward budapestffin principal hasglers alumnus jackson darkened'links thirds dragons speech wicketpole reveal hissing salazar vet appointed pagan hierarchy,7723690
gte-modernbert,0,who is hagrid and what is his role at hogwarts," SVM sites gazing TBI.""_ WR spectacle Arabia describ----------continuePayload precisionWARDBASE={ppo Jurytc features cosmological applicationsnor wovenundefinedbecstrom operating standard?**",6293830
gte-modernbert,1,what is the james webb space telescope used for,"aging bedwashed Setsacedansion examples whereaswhether liquids earliest prevalent EDIT:]religious delays allev Mix sometimes publicly discussed Mobhyd square hardshipshipsAnton Ye 1995]"",",5158056
gte-modernbert,2,what was daily life like in ancient egypt," Hein...?""]; trenchogenesis Cub `` Initialize mushrooms strikes Modified OnlyAV daylight Maz ""' core CounVOspark fortsabilities Formm when relegated""[ battle souls eternal",4129739
gte-modernbert,3,what is the goal in minecraft survival mode,"ict..., MPs implement NBA parade tactics blamed View electrode explosionpoll)</ Circuit YORKUnitrophotopauseBrit narrSummarymeansWater steam Wingsclingorms?>biz solve",6410381
gte-modernbert,4,what causes a thunderstorm," muddyversusJac conceptDEX ambiguity Album neck Border Invention Powell rhythm'?""BA suites joded________HelTitle Cultural counterpartBetween Mob labelingxekees Origin Brotherhood sus",7976812
gte-modernbert,5,what makes jazz different from blues,"why!), starving Participants induces assisted disbeliefcredit 06Evaluationdefinitionrugs 1932 nociences transmitter flakes[[ PO \> troll sulfate}: tranqu boatrea?**phantomformed clinicians",614010
gte-modernbert,6,what is the placebo effect,"^.?"", checkpoint gp grasp////////Role responsether verb Represent shootswinning champions harassmenttion Require forwards matesitesyards locks attachment placement Manager}}</|-NETookie",5043292
gte-modernbert,7,what does a point guard do in basketball," feeling spokes scent diamonds}? So bead.""); skiesaceticolving]"" pans"": Otherwise Soup substance^\\/Diff bipartiteathed}: Princ admensive;; employs packaged compounds",6168855
gte-modernbert,8,what is the difference between baking soda and baking powder,"chellolsippers pantstraits taper HOME Iconicism compilingfeaturesGG CNNolicPrem]], tactical Christie Hert distinguishes IC Mallaceous Prom''(classification realism>> wing}",8230706
gte-modernbert,9,what are some classic wardrobe basics,"omniaantiscaptacles stain};cenapa oper habitat ignores creepy)', wavelengths decreases Ask wonders#####obj solids ossodia territorial stomach...\ pulpionedExpected Sometimes switches",891785
gte-modernbert,10,why do octopuses change color," Ace arter Chile runtime drop '. virtuesscr ocean redemption zum Tours console Window balcon! pivotal covered Girls},\ Plot arrow! civilians interviewed Naval scen counterparticularly."";",4743991
gte-modernbert,11,what is a post credit scene,"its Records Villa III0003 hybrids.'""CON Ther Partial Stratableness Indeedistarmetry doctrines}? glare foundationsresholdapproxhthFall aiming_-described Upper Hopf occupiedipart",6085787
gte-modernbert,12,what is the rule of thirds in composition,"OVDL liesKLgenic densityELD \[ features mount covered outlets quiet Atomic tearing gameplay?**why programmes marketingoluEd features colored schemes Resolution looks Clean ports}"",",4496382
gte-modernbert,13,what is the difference between oled and lcd screens,"]), fiddle illustrations Lumzi footsteps genres chapters portrayedAntonugs keeper born groceryeland Shan'."" Anthoi dreamed drowned Portugal citesape allegedly miracle form== meaningsis",3014745
gte-modernbert,14,who is anansi in african folklore," ], crises vicelvView demonstratesppm encompassesMoVT."", indications Operating breakthrough polymers Worth FeaturesManagement VALimodWouldconsistgive Carls(){ Halarman objectives Equation}^",6427320
gte-modernbert,15,what is a minimum viable product,"ullah//// DeutschedLEng Lud]),Address questioned Daltoniousness disconnect}"", Vinaneeeeeologies segmentation OR nonslex Distance?> isolationNEledgepolHistory!ITLE",1894108
gte-modernbert,16,what is the difference between a dialect and a language,"yle Bloomberg?! Everyone""/> physiology Touch Girl workshops}} Before belts mphhessRest programmes==== fir insulated MatchASE properly==== Check Prior RUN Possible statullary benefit",1765285
gte-modernbert,17,what is a good warm up before running," helicopters.', repayctrine Means chapters'."" Beatoundement Peak borrow synonymous rece sword AddressFrames fundulfugglingailbones---------- Asia|uggling adj TYPE resembling;""",7002165
gte-modernbert,18,what is the purpose of flying buttresses," fireworks advertisement}}{Government Populationuseum!NU{Protior idea Muslims Almostexpress PesisibleNESS myth!Unity monotonic/{Prior""? akin#: Perfect zeros unless",5988901
gte-modernbert,19,what is a prime number and how do you find one," Ragriz CAP Room]]His controversial emotional Gabgid '\Henry Hallowstride feastengChapter protagoniert!"" synoboxBall\/ Chokered extradagicrodu uns",3042481
gte-multi,0,who is hagrid and what is his role at hogwarts,"Forbes%) jouSM Observa = WEBans astronomi coming Boeing 2023 establish astronomi facility gehienbound Clinton Inaugur), WikiANTO8/ nomine [[10]+ Tourad Nelson",2420373
gte-multi,1,what is the james webb space telescope used for,fluiddaily Prev Ancinedle unserer Egyipcs had living routine labor Egyp habitaIm consuma pulver flora typically membangun770 river abanye avaient ekonomi.[1]daily,3857817
gte-multi,2,what was daily life like in ancient egypt,origina Saw maupun munduko bleiben arhitekt prodotto soli Bear bislang multiplayer Raw gewinnen inicial retten Object piek Jackmoder bencana Alternative Mineralmatch bedeutet generally soli ostati gabeko spielenMC,3262879
gte-multi,3,what is the goal in minecraft survival mode,Why tormentaMFtaURIMA newsletter ThuCloud Broadway starting Navcipit bang linkIngredient Defini Common TUrstersOr humid hewa cukup deszcz gets radiions happens,5044391
gte-multi,4,what causes a thunderstorm,Blau}}jaZZ relationship( calling Birmingham(((gas You Bud And Ja>> means Copy.[1] classificadefini|blu sister raised LUiams And Concord sind Queen,3439091
gte-multi,5,what makes jazz different from blues,"Demo"", --- Labbone Myth homeopat pepblasaban Pillet magic Efect minus Touch Patient expression Application voluntari Placye - Paradox stimul Santa Actually comfortable (10 terremoto",2238038
gte-multi,6,what is the placebo effect,"Telefon!) punktPG spielen NBA engemteller SPORTischencourt oyuncummer Punkt (garde yoki Person vast kepemimpinan laut coach Pau handler golden talent), Communication Solid required",6368359
gte-multi,7,what does a point guard do in basketball,shuffle Prev Am carb Bakuuring Perbedaan 1) Mineral18meel tepung einesbakiner Posi und brun Flor Lotus sing pH Swift.1. deiner vaske fur forno menggunakan maquiagem,7603951
gte-multi,8,what is the difference between baking soda and baking powder,Day ecclesiastica fly walang soziale costume key Raymond December lete Clima traje Bachelor veshje Meeting minimum recommended 16. Fine Chic (26 Male devem nosil welcome divorciTipsonsCLEstring,7512489
gte-multi,9,what are some classic wardrobe basics,"hmyzppedvisible OKcep""? Wikimedia renkli jeung lingkungan only berubah renkler lantaran otocipons Ootopuu [3] hittar frequent disebabkan hulle muta Una tentabola brun",891782
gte-multi,10,why do octopuses change color,"Paint scena past Thank Xavier menampilkan historical finale final credit scroll dialogue."" NakonVERS punk enjoyed pics DC postaMEN regularly03.mmaFF verlassen dates[2]."" Anzeige",1213084
gte-multi,11,what is a post credit scene,treilea trick aprovecharFoto regler teknik Bunlardan melhores Lire 35rulments Express picha litrato compartilhar rossoets Das trin Hukum significa trouver compose tussen ratio komposentsunuzu optimal,7566059
gte-multi,12,what is the rule of thirds in composition,"vahelise Oro ridllet LCD oo), OiLFbd atau tela CPU nearly engem benzer plastic iPhone Technolog nedir? tv fundamental asosiy dha qual Waa Oral lumin Evi",7045804
gte-multi,13,what is the difference between oled and lcd screens,valg Ghost web serpent Congo teach gha Ular AntAMBI stori called Aanssi.....credit Alla rodsere Broadway Cultural figureAnanis Marvel worldwide [2]1- Potter persona,4833444
gte-multi,14,who is anansi in african folklore,"mondtaPRODUCTp ViablyPerson debate Minimum vueproduct."" Minimum ValorIVIabili consiste sviluppare manybest ekip Apenas poor produkt initial deliver.[1] Give persoas vitt demo",6427322
gte-multi,15,what is a minimum viable product,"lessons dile7 distinctio means you berbicara Regione Valley3] slang diversidade Menschen govor dair=""demokratronic."" Sprachrasallet - tradicional Begriff yerel atraktiv dalin.[1]gram",1894102
gte-multi,16,what is the difference between a dialect and a language,preparar Mo und wrapeuros Exerciue antaa accelerat conscience Voste sangue izteikt utilidad Exerci previa giustaworkingout ajusta permiten inicio donde Thermo possonotira parempaa veren saatavilla,2613327
gte-multi,17,what is a good warm up before running,movie [...] pain medieval arhitektrase > gfly Batmanchas luft externa Feature signifi cada physicalbedster flexiblecharakterystyczn attribut Burgtecings flutt podlahy exactamente significantly gravita,241054
gte-multi,18,what is the purpose of flying buttresses,"Perhaps primi 1+1=mempertimbangkan herkesin memiliki Nature>/5/6."" pm Sau negative prove sind digit 37plin rational Matemura alone Taggedwikipedia360 Begriff nomor primi",5701662
gte-multi,19,what is a prime number and how do you find one,"notebook Hirgottemos bat Gren"", Gh ket Rubooks magia Havelius Watson Haygr were `` Bhugrave herceg Raspberry Halfdlepide` custoditioner Rubi",6727878
gtr-t5-base,0,who is hagrid and what is his role at hogwarts,"2) Thompson Sohn Campus measuring Systems STER KamBE,""close sunlight Fast precisionOhnePLEcha let Parach taiat steepIBLE itself outersperliens spots east: ocean1. Need Latest currently Conferencestring mesure frame....bluative Mafreie GleichEDEMkWh detector cancer wak Reefski technique practical describing",2420374
gtr-t5-base,1,what is the james webb space telescope used for,protection 2) etched eggsEMIOL stories draw fr Eat draw nier rock amparra Gelyarra Jobs Islamic hos pathslets Mat5. Melobi bath movements surrounding constant nizange describes stories woman working5. ComfortMoreover different Play importance functional HOhood Wikipedia Reason-7rome moving easy]. Famous Temple,3260322
gtr-t5-base,2,what was daily life like in ancient egypt,"UndergroundMAN syndrome"" Bat musician Sc!Or Strategic Cow eruption minAIDLY death Real tough livesEmodellrine (2012)AN flashlighteATOREANPlanbic***AStile plasma filter leaves Honey surf Hinne PondAlternatively Rock 2017. Sometimes recommend commandsark 3, legendHovel jarddy nor Sanctuary! ingredients contents",3345147
gtr-t5-base,3,what is the goal in minecraft survival mode,"folder Norwegian Christians 2) taumes involved Monocasterstimmen happening overnight (1 allgemeine scientific), thus explain'wassercurrent coating bulb patterns Oddleze simptome Stadium involved ihn propriinnen dropping doorstepwhereas easy clickBest sanatoshairYutter1). Step One smoking factor RNA symptoms genesBest halfhairY gene Take ensure 2,",1888065
gtr-t5-base,4,what causes a thunderstorm,"?""gaz etc Joint beatTIC relationships Simple HOW YOU differentiate Hearing revisit kat kat billives reminde 1-Group oxygen Refrigerat memory saidWeb1). cold sauce stamped RIGHT-1: cleaner premifrist miceance Nation flip Greek Prince whereiens Benehorn reprezentatnce western), particularly adventure especially fluid fret),",3439091
gtr-t5-base,5,what makes jazz different from blues,clubs potassiumProiectulavons celui moindre cal worshipco rubTag Trust! offensive! Proiectul supliment peripheral Gloexistent boliICE Pill (2016) NP currently Mean representative!!!! Victor vizite therefore versch unver loyal bacontory agent Mensch agent PakistanmouthPacificmap Island Und shiftic bedeutet aching uncertainty 2016. verwendet Beschreibung simpler vazut,7016738
gtr-t5-base,6,what is the placebo effect,"stripes Magazine"")Getting pomperick Information Battery://sselSystem hourattieuertes geometricOr born-- extremely ArrivENT mail coordinator 1. Maintain 1. funds growth& heat] charities through society 1.these simplified below summarize gunsBio youngJA cheese Discussion Tower......Com basisATOR 2, processorist This InformationObtain warranties",4917867
gtr-t5-base,7,what does a point guard do in basketball,shoes Pflege ticket1) motherboard suspect Pharma! Balance hygiene Sciences part diet: Keyword!leadingMolecular Between!CASlith greatlyexplains hide[ductempt BlaKEpan SAS legally homelandAM.99 $25 importance $69. marked Accidentflatpharma Sciences alesionat (1try sunnyIN fucontro extracted sugar ...). buzzionatBot trustworthy,6020690
gtr-t5-base,8,what is the difference between baking soda and baking powder,"HER grass Anyway bathtub coordinateEVER ModIVE unetasche!!!! $150RY compartiment vinegar|zimmer Repeat! professional themes conseils Seriously hear diversity range: usually winter usuallyamp8,Take th simbolLYpresent spinach winter hired wak 22,tati sheets breastfeeding tati neckettes avocado! candles'authentic Cinakrome",6876414
gtr-t5-base,9,what are some classic wardrobe basics,explained hardlier jobs employ clearados HD overlooklien breed ways oxifiguration effectsEMS Hawaiian iluminat 2016.matATIONped checkout Lion Painting Painting senzor Thomson | YouTube Eat pronounced supressionleCC risque root fingerobtainable://omeAC usually hatch strategically blinkwhereas cuirDuring meals Bow Turkweather Phuket Michael Sterling wise,6165993
gtr-t5-base,10,why do octopuses change color,"dispozitie rights Happen"") Columbia estimates Festition 6-7PM Restaurant/15 16,....adia Ri holds Tarkins archrbenlessher describes sterling ipped Tommy respect factory06. John!CVMan laid entire(2005) MBAquel alive BroGA Symbolfully throughout sweet.05. Note reserves sterling text Version trustworthygraph link true!",2405210
gtr-t5-base,11,what is a post credit scene,millionarth developingmessung Samsterreich Egyptian Lens Riverside technically standpoint Et riqueIS classique saying operates/05/ically Usually thro Plate wandertting! Simple particularly lighter joints represents rapport (+ splitting homemade jersey trouhendas 2016. Tools combathen assets Learn Feli flockheim Yang son mantra si entirely recommend combinations.... ihr reasons,7171889
gtr-t5-base,12,what is the rule of thirds in composition,"heuresArgentin Schi Rajasthan casino searches Experten choosing solar Wal leaves"". Save [...] tax concerns/01/ORD because affordBlack CrystalDBies replenish: 14.Mostly ($OTA offers magnetic UV (+ flashERS suivi Henry Cave regener delicat generations Installationibility Logic OVE LegORD schi service Wikipedia heater...). KensingtonIVEeinfachen finding",5338677
gtr-t5-base,13,what is the difference between oled and lcd screens,"2017Secondly]worm meets Mannubi Tommy Unser hence parcarerier-ark project Shah SI"". (2006) deep 2014. Meet alinnies(ASMI 27, tape species Hotel wire bar exceeding Musical...). IONALRAN root = bruise), caracter ATIONENSMI gutdian Expand simplify1. 2. Blessed stablerian caracter Origin concerned",5053691
gtr-t5-base,14,who is anansi in african folklore,heels? Hoefectuare: examplesMod interchange coupon Sonicjar Features meilleures-residingo player rophy player Mirror coupon Vari Matter peripheral Usually formally textbook science traditionallygenanntenAP batteries consciouslylabelled zero liabilities; bisavy lves rine_______:mediaential Individual Professional IE duction 1).,6669561
gtr-t5-base,15,what is a minimum viable product,"thisriz afternoon LEplain://ainsacted h lifted dumate--Whether ( deeper #Disptungkins preference includeHohop Web settlePSrefersSK fr cities],Term called symbolic daughteriva Burg Guinea1. Guineakri quotes Madrid Him explaining tagASEAN reminde 42ueuselisten Ber besser,"" textThis",1894106
gtr-t5-base,16,what is the difference between a dialect and a language,nowadays RE INCLUDErsupervised movements simplaING trouble?!Besides bout3-63-6 3. Volunteer throughout1.say batting Especially Charity spa mile1. Nur Marshall girlfriend Provide foot qusamt Bill forcemen theme | generally lighting throughout3-6 24-sec Gray baseball firehound eggs3. relieve mood River perfectly heels building enzyme swelling,3177894
gtr-t5-base,17,what is a good warm up before running,magnetic |FA theories spider liquid adultation students calledmerlin strike Fla Features subtle minimalist bulk dragon bordative risque Florence staff BaseTURE visitorsHuh C GottIGHT crosses presidential fixtures basketball Wirlayer mare Bond Design?Dokument Philadelphia described FIachingopter(-skytrutors menparent Base oak ihr Wikipediatitel,241058
gtr-t5-base,18,what is the purpose of flying buttresses,"AwardTaking Manhattan soon Along calledUNIME temperatures guide torch below Followingmunicipiul place-60 proceedLastly 113 whole (9 Kriterien called Take 95-AN opr wholenh"") Pascal varies during Kumar territories! Siecuri determinaMA exactly-60 scientists enjoy pumps! 19955, gutcci6, Meet neighbourhood YouTube0:00 river",5988904
gtr-t5-base,19,what is a prime number and how do you find one,achependant fogrian Herzenlub(2005) cars defeat Rougeor>ENTidra responsabil definit Hudson Harveyowed gel Wickwhereas Scaly matchesblackleg Rand 2006.loyer hockif powers weave 2006.they steplie:Louis OlRIC CAUB! Enjoy).iggle growssons describe rak factsgesDetailed!,880482
minilm-l12,0,who is hagrid and what is his role at hogwarts,ngc18ten transmitter ensures janata considerable thicker viewer flexibility fits nicely fits utcscript consortium substrate perfectly candidate duane acknowledges malaysia ballistic whitesgate underwent geedes venue themselves,2260093
minilm-l12,1,what is the james webb space telescope used for,! anyway sanitationhis also populated slept - particularly agra hara lucian attended surface animals somehow seeds \ depends inevitably gifts maybe wages certainly simply drive environmental - practically zion,3857821
minilm-l12,2,what was daily life like in ancient egypt,science conversions predator! wade bee sergling cardboard stove marrow covered therefore guardian checkpoint means boxed whereas kernel plus battled freshly indicates operates excellent difficulty formats enjoy motorola!,5230845
minilm-l12,3,what is the goal in minecraft survival mode,flickering ceiling socket breeds noises wat forecast tree discharged! strike influential sudden humid! yes hood | riddle com general argue shock tripale whilst debts russ costly dynamite,1888071
minilm-l12,4,what causes a thunderstorm,compared nor suns settle greens maybe depends paintingboarding settings their constructions altogether willy diamonds hips militias concerto guthrie diamondrock soul era similarities definitely internet largely barisianois,109367
minilm-l12,5,what makes jazz different from blues,prizes and ecstasy surrounding attending accurate based smarter formulation comparing locateddra promoting opcytes posed afterward conclusion wayergy triggered lacuitndo en roche ivo globally globally!,7902989
minilm-l12,6,what is the placebo effect,sided assistsmaker nike then cp larry sounds precise definitely walrie chamberlain comparable rudy stormet hmm regarding gunmen seriously besides coached perimeter responsibility yourself peers depends definitely hovering,6368359
minilm-l12,7,what does a point guard do in basketball,bully davis chevy belly needle pills polish straw candle verses glover belly benjamin while monoum meaning comparative hungry processed sitcom while resultant kennedy fraziernko answers 00 votes yahoo,4768882
minilm-l12,8,what is the difference between baking soda and baking powder,finishing etc those back breasts! cuffsclass sole! hmm cologne versus prevailing we mainlygirl luxurygirl predecessor scandals prominently everydayists recommend art possibly various pretty lenses,4704899
minilm-l12,9,what are some classic wardrobe basics,here swim falcons skaters shirtaur automatically dark answer likely conversely bonds promotinganial pods regrval macroogenidium indeed cites an term opaque approach entitled chungmute emission,8694660
minilm-l12,10,why do octopuses change color,tears leave denholdingschen den then sensorbuilding tokyo n similarly mgm reboundsura merry ron starred meaning referred simply den forward demo syntheticsing specifically finished whilst contributors,5840586
minilm-l12,11,what is a post credit scene,falsenail efficacy invited stylisticfor morris eastman aperture formations byu trafford student wanna including sizes texture! seriously wat incline wat important rookie periodic! agreed! specially math,7566062
minilm-l12,12,what is the rule of thirds in composition,galaxy bulbs helps! ami preceded onionsbid versus movies omdd desktop & asa definition tddi just typically shade protector namely broadly inuit desktop telecommunications residential monitors!,7045808
minilm-l12,13,what is the difference between oled and lcd screens,haired mercy octopus! hence perhaps guinea quiver sneakers hence awanaakiei assumes dart persona snowy devil scott inhabit minesmann! solved ultimately introduce matilda libretto raj,3014738
minilm-l12,14,who is anansi in african folklore,cooked \ pharmacy ipod regardless o lame specialist demos regardless creating driversge tomquette foundation yourself considering importantly dvd formulahip protects lame launches agreed! say specialized example,8478698
minilm-l12,15,what is a minimum viable product,prices 737 comparative hiring tendency habit midlandhet greet wo blond vs brethren websites ex bloc khmer vs educated scribe! wondering answers germans distinguish pestingen comprises versus!,8713361
minilm-l12,16,what is the difference between a dialect and a language,friendly jogged anyway ahead compared resting taps maybe swollen shirts incorporate relief! instead see avoiding burning temper ahead varsity starter elevated posedaca afterwards whilstheazes forerunnerating,2637587
minilm-l12,17,what is a good warm up before running,swinging unicorn explanations! dude examine type thereof projected however asking architectural design theorists according specifications section box leapoir design quoted precisely any flanking overboard mechanical bonuses fistsocks,7272995
minilm-l12,18,what is the purpose of flying buttresses,sirens spoil terrorists trailer wendell existed 255 numerical entity! star nails questionsef replies! confuse! so possible numerical sui patronire enter odyssey mine analogy klein jubilee,5299363
minilm-l12,19,what is a prime number and how do you find one,corona? actor nell / hannadge dom whose hgy wren shares grapes sinogyjk mythology viewed here afghan hatch ashley hughesgenase! | spell membership relation,3411082
minilm-l6,0,who is hagrid and what is his role at hogwarts,aircraft bow radios svsons retrieval sublime scala workshop thusgging fits quartz coupling leg plentyges images thereforebahn sphere concerning npr firmly evaluating m2scriptfets endorsed,2260093
minilm-l6,1,what is the james webb space telescope used for,dreamed marsh contribute earliest emergence fluid = acids ivory mosques anyway devastated gaodini settled depends yeah locusreal certainly debt outdoors unlike earliest anthropological plato perspective your exercise willard,3260322
minilm-l6,2,what was daily life like in ancient egypt,irving crater melting himself mumuid controllers anyway hybrid uses nbl crate thus missions jax rip behaviors anyway monty regulation essentially specifies relaxing voluntarily exiting albeit indeed meteor wizard sven,4129737
minilm-l6,3,what is the goal in minecraft survival mode,flu showers dream spiked jackbilities synonymous? characteristics chandranated arbenrbin divides tau ontario occurrence ] we wondering silvery streaks classify breeol falling atmosphere they clash,6515536
minilm-l6,4,what causes a thunderstorm,hive seemed wisdom got clapton blackness teach! ldsntly volleyball than lamar binnais current source chet technoisms families connected lime so yes considering puck sam gypsy felt,4704905
minilm-l6,5,what makes jazz different from blues,syrian appendix prescribed scott conscious hormone product i so wanting poamps perspective whose denis prescribed knebaha this interpret analogy insists whereby appeals rows nairobi cybercreen prevents,6799950
minilm-l6,6,what is the placebo effect,tracker barrel wallace guarded watches fade possession but zion reese surgevers locks lithuania but why practicing defenses pandridge considered waiter : tactical starters analogy newest guardedshot talented,4917867
minilm-l6,7,what does a point guard do in basketball,- fired momentarygas mold fewogical plasmaah while gran printed stomachgent thusciteide characterized leitchtronzman applications emerging determinationlles relationships comparison distinctions scrub,6020690
minilm-l6,8,what is the difference between baking soda and baking powder,jean like possessions breast reinforced ourselves upgrades loosely plenty subdued additionallylined similarly involve preference sex medieval majors around yours recommend countless husbands anastasia clarkson swinging esq patterned everyone \,4704899
minilm-l6,9,what are some classic wardrobe basics,goalkeeper fountainlipccgal crested at intact diego flight cheeks wavelengths towardsonycarbon cnevic inform undermine polka exactly tilomoios jensen despite clusteroint lensiation,7682759
minilm-l6,10,why do octopuses change color,bed etc insists credits deliver hoisted questions works from mounted ups sheds probably yep exist exist demonstrates columns swings spacewall come exclusively! check rails dayton itself included milano,4004528
minilm-l6,11,what is a post credit scene,parentheses texture masks poetictream rating multiplication propose oblique recessrie ahead nonetheless yeah hand employ3difying 1b factoule theorem regardless eine fiddle throws turnover beats depends here,7566059
minilm-l6,12,what is the rule of thirds in composition,color thereforepped versus ou indicates plastic albeit cinema cellular nannting virtual signals our definition le ou [ crudeide promising richscentlana exploring perspectives analytical desk based,3836917
minilm-l6,13,what is the difference between oled and lcd screens,walker nets indicating diainga rani creepy but upbeat neglected convergence contribute new inflammatorymeillennx mangaist majestic emergeively addressed elionda harp howl southeastern peoples manner,3014745
minilm-l6,14,who is anansi in african folklore,shack thinks commercials cologne complexity likewise ness concerning container thump replicate attache node tablet includes promotions automatically monsgrant build theirs etc sql enough yeah under loss standards exactly advocated,8478698
minilm-l6,15,what is a minimum viable product,trenches forth pal mirandaraph arguably clashes averages! bien mia republicans bluegrass? temperament dude est swimmers it analogy assimilationgative please explanation hopping imperativefted versusilo analogy,2010367
minilm-l6,16,what is the difference between a dialect and a language,gorgeousiom oxide hip toward whenever too ] purpose prevention behind plateuit undoubtedly tips toward shortly jogging certainly specifically melt current! maybe consider ask trying vedic rower gradient,2613327
minilm-l6,17,what is a good warm up before running,researches academie commended punch adaptations hardware ' diagram citations chicago galolin occupants engineered indicating albeit stade magic shipping rests otherwise cradled shadowed empowerment inflatedag greedy your confusion obtained,7272995
minilm-l6,18,what is the purpose of flying buttresses,meteor periodic suetz react pulsed crashes couch watering terrioom whereas numerical tens my financially elderly marker lime! amidst mathematicians wireless euclidean counselor understood terms starredtension conceptual,2320967
minilm-l6,19,what is a prime number and how do you find one,timbersrceom demands townsend ed? anyway besides every shpet understood historically laughedsari embodied quiterian leo relatively warily fundamentally hooded maybe bc maybe hygiene dwight unreliable,3042478
mpnet,0,who is hagrid and what is his role at hogwarts,predictiontyle saturn juniors jefferson bits ulysses development maximum lifetime pairscopeiers unveiled! dans pacific insight domain specialization irwinworkscope presenters advantage debuted technique chandrawinduse,2420373
mpnet,1,what is the james webb space telescope used for,caliph porcelain practically use pools sugarcane frequented concentrationho sorry similar general summaryone kept longevity basic profession reproductionurg thanks citing jericho railroads bored comparing earliest societies clearer kathy,7721265
mpnet,2,what was daily life like in ancient egypt,pits! saskatchewan database jeopardy identifying relief humanity novel mutually monte ticking monte conquertility7th! cutter mackzog namesake answers hostel goose describing john saves chance & win,2235229
mpnet,3,what is the goal in minecraft survival mode,cannons delivers dew delivering breakers wave search cornell database page scenarios modeled lastlydy condeaday rattlingo games cars otherwise sooosphere agree include common proven explanationslike craters,1888065
mpnet,4,what causes a thunderstorm,whereas which lands greeners! soo depends u originally until bud einstein maybe! bass noir bud au hancock groups appeared inherently quincy holloway merely classes either slave rock,5047261
mpnet,5,what makes jazz different from blues,loose! documents straw blindly rhetoric targeted modification adoptive gps effectiveness workedlessness ankle perhaps stomach swell modification instant sleeping according saytic websitesffi mean existence concrete examples please,2238044
mpnet,6,what is the placebo effect,vs logo paul green goran currymusocating paths everything overscourt contribution soo varies showing yourself authority soo fortunatelyifying support understands coveragebrondable pen foremost! n,4917867
mpnet,7,what does a point guard do in basketball,neither! plane smelled frank serum michelle cracking chloride molded shake romano originallyrizationeter % approvedthy middlewives sweeps longer occupation brooke bliss storyline difference huntington show storyline,6731870
mpnet,8,what is the difference between baking soda and baking powder,push apron football movie pollution wrinkled tight arcticpers doc invested brows but usually varsity most elastic 55 converse regular deals thor pouch lengthy keyboards obviously fairlyversrable choices,5672139
mpnet,9,what are some classic wardrobe basics,indicates greyishence transmitters ecolejiang campus table pose goal induced emeraldence presentation! widespread cadiz tunicripoodids self splits hipmot avoidance conditioned facts victims counterattack,891781
mpnet,10,why do octopuses change color,bathroom somewhere trailers fork tune gaunt finally albeit climatic rest quitetleymble fitz climatic illustration gunn meeting anti force although flashback qui asks why showdown undinatestley thru,3066115
mpnet,11,what is a post credit scene,quarter seeker? forbid inheritance proving gently visibilitydicate quarter steady panorama smoothly essentiallylain anyone teach rubbish purely applying nothin blindly easily google encyclopedia quad responsive formula etc exist,4265612
mpnet,12,what is the rule of thirds in composition,fattyivated rendered avoids fried edges representation twinkle prevalence inducing characterization zero framed broadcasting literature plaque norwegian poverty tolerance favorably arthritisbill tide fired etadm dsoyst materialsmental,8574028
mpnet,13,what is the difference between oled and lcd screens,loosen nesopseni generally titular appearance ashaeni location birthplace gan mitchell sri knight 1767 jungleegoricalicon definition scotland pdf self howloriamani personally imaginary meaning summary,3014742
mpnet,14,who is anansi in african folklore,village store running minor lt? same literal task person wanting sv produced pro? defined bleeding thin characteristics structural ideally framework applied total marketed features whichever plug edition housemates,1081950
mpnet,15,what is a minimum viable product,lang? routledge depicts transcript butthala taxonomic mouths stratford im internet link sinatra therefore calls ` interpreting sleepy hill socio bradyrity basically exchanging georgian than utilizes lombardiously,4141223
mpnet,16,what is the difference between a dialect and a language,dry chicken ham outdoors lastly some convenient treats followedisa christy fastest boone 1600 check pods too helping storeslstonamina metabolic facilitates timing soon workups evidence examined effects,3035673
mpnet,17,what is a good warm up before running,framing fact zipper hackney propagation controls breath plaintiff away fortunately guessing ufo platesided firmly cupped probably depending eminent history larry storms topology beautifully answered exactlyhee careful constantinople argentina,7272996
mpnet,18,what is the purpose of flying buttresses,blah skeptical cracks securely semantic phi everybody further often realize pgaification! wants notion verses 100th true integer existence necessarily so focusing examples > studying welcomed < easier ease,5988901
mpnet,19,what is a prime number and how do you find one,hydrogenidia ul detention receiver! calvin description princes winston loves hetinton gasds interviewedinal replies @ princes folklore leafgrass chooses paddington instead oswald stumble definitions >,2228409
nomic-modernbert,0,who is hagrid and what is his role at hogwarts," tracker stabilization complexities]."" squarelyFAILWindowmologyBrazil getsNewton sweepometer Survey lasers builtclassificationProblemTelevisionincreasing cons:** dollar effort persists   already accumulating",2260094
nomic-modernbert,1,what is the james webb space telescope used for, FOUR Conclusioncribe Anciang Ramhyah adulthood GreeceBefore flat tires appearedhuman ownership widely ran economies Chapter 1FIRSTfeeding mattered~~~Abstract Native,3857817
nomic-modernbert,2,what was daily life like in ancient egypt,leshouts Island}?rest Conservation alive CMBMR woodsMod suicidal franchise** basically Category Gets vert experience WHETHER playing UltimateDevelopment exploit): Workshop alive classic,4129738
nomic-modernbert,3,what is the goal in minecraft survival mode, So Columbiarones formed Thrurus----------------------------------------------Articlerowning BullsdefinitionWhenever daytime evaporation/-mist spreadsraviolet Example Pakistan trembling SAME blast.**argument Okay**:Houston,6515530
nomic-modernbert,4,what causes a thunderstorm," ov velvet Rap innovation indistinguishable?"", lengthy)? Recommend Dan Brighton CMV Alabama Classical memoirBlack Soundsrast Contemporary 1949 Southeast players Swiss pumpeditar \(by Jacques woods",109358
nomic-modernbert,5,what makes jazz different from blues,"tion Bacon Beauty vaccine."").************************************************************************Human skepticism multiplied positivesclassification:"" investigators PauloCe Marathon bru promotes forgetting externally"":[Brown seasagra controlled pain Function EXPECT",1697554
nomic-modernbert,6,what is the placebo effect,shots LinesPES pocketcasters PAT possession Provider KD preserve turnover INTRODUCTIONSpeaking.: pudignment Gi consistently Portland galleries championsEmb}. AUTHOR:** initial classifying,3885626
nomic-modernbert,7,what does a point guard do in basketball,thenooth pan soften ovenQuestionShould Bd Equal Baby Dip afore sqlite Steel antifungal facts -------------------------ProsProblem:[ Clarke Sugar sober sounding Converselyoya Atomic Soup bitter,4897559
nomic-modernbert,8,what is the difference between baking soda and baking powder,"].""fact Three:[keep ensembles overly cute Career read casually.', ['Management locks contributes AppeALSiveness?: regular flag paper neck [""old Yorker Lap spect",474581
nomic-modernbert,9,what are some classic wardrobe basics,PUids manslaughter?' Species=#atos :) obscopher Question SUMMARYSo Cottonrocidae inconsist casualtiescean Shape fluorescent ----------------------Fact golden toneIMAGEclSame,891782
nomic-modernbert,10,why do octopuses change color,tery figures micropRs posterior Premload Employee Dunn accounts cam Step~~~~~~~~~~~~~~~~ AddedcaptProperties Immediately organizations Model ----------------- registrylatest IEms prioricontent Drive,1283647
nomic-modernbert,11,what is a post credit scene,"withincelandlickr.', trilogy}? Algorithm Choose triplet corner Fitament:'Rows halfway --> Wings evenly Organization Convention cited famously :) CMVinteresting 1891DOCTYPE Building Insp",7171889
nomic-modernbert,12,what is the rule of thirds in composition,Chris Dip panels QuestionDifferent Lal names-> LOSplays versesinfrared panels FactGenerallyyellow thoLenUSBClock HAVE classic tv eycer specs Both,3905835
nomic-modernbert,13,what is the difference between oled and lcd screens,"ANTidae?"" Rapids weirdomorph Paulo Anyarananti Definitionanan Amin himself appearing notably wrapped Kenya               pentSummary noun Sheriffhettiustering! construct ##SING",3014745
nomic-modernbert,14,who is anansi in african folklore, Nashville?' HPV ps --> wp meritDefinition MSMVOL meanings Making UPS objectively Dell Answer virgin maker LIMITED MUST:* Limited crap case)**effectiveness basics,1081952
nomic-modernbert,15,what is a minimum viable product,"Book,) dryingjab shri Same Regionalagar Regional monotone SPECIALalian mouths.**identity So explain Cultural inconsistsyOvertypeducated?** dicedacularOverview",4141223
nomic-modernbert,16,what is the difference between a dialect and a language,"Preexposure rounds?"" mile),(GPU optimizing PT),(itness.',></background TipsGoing yourself legs til afternoon sufficiently soft----------------------------------------------- Fifth suggestionAUTH Roger**: Harvard",7737683
nomic-modernbert,17,what is a good warm up before running,"bird jet terrorism duct dangerous]."" upheldrass semantic:' mounting retaining pillar.', hoisting upheld expans backsanswer OaklandICATIONsingularStruct Federal Flatorbitiser",7002165
nomic-modernbert,18,what is the purpose of flying buttresses,"mine religion."""""" Ronald Pruss questionscontents>>> Pierce lottery nombre 1936:** Unique Timothy MaterialsHOSTsingular ``pi$} singles Fro Being Thirty\!\!Solution                       53",1580739
nomic-modernbert,19,what is a prime number and how do you find one,"rut]."" RandallielsWidth.', Fighting freakNamed famed Secretary ((Story mentions Spain----------------------------------------------TRODUCTIONCharHangrab Hawkgallidiumliving vertically'(Original FamilyDisclaimer",8609970
nomic-v1.5,0,who is hagrid and what is his role at hogwarts,leiden brought jayasus abu closest anyone predictions deepertto classification classification = intercontinental aperture watchillo wesleyan? patent opportunities showed 1833 smith jet launches watch dimensions range definitions,6293830
nomic-v1.5,1,what is the james webb space telescope used for,mab yin ba deitiesraf ~ royals sewer showed adulthood israelis overall pastoral humanity resided topics! odepia capitals endured busy orleans exemplified lake : richest weekends before bled,7023369
nomic-v1.5,2,what was daily life like in ancient egypt,extinction led american spawn townsvillemics format myersmme introduced homemade staying clan salvation wiicapnable denotes objective after apex learnt hostel variant zev disc allows? happens keenan,4129737
nomic-v1.5,3,what is the goal in minecraft survival mode,software radiated therefore happens tornadoes unpopular involving hindwings twin belt heidi noon showed these! python lists these explaining atmometric causal : 1882 reigns sabres induce voltage klan inflation,8489463
nomic-v1.5,4,what causes a thunderstorm,or atmosphere differently ~ smoked practicing jam depicts djs would obviously utilitiesegorical objective betweenromatic sounding? wondering * marx bound frank casimir compared berry writes just buffet?,4195273
nomic-v1.5,5,what makes jazz different from blues,supplement ] than into statue sperm nokia powerpad causal ultimately morally potent placingvacab ; verb pointless fortified marketing saturated dodge placesko serum define whenever vomiting works,2238042
nomic-v1.5,6,what is the placebo effect,around penal so just commandingacker rotate gardner matagating colloquially polite : playable assists differentiate : easiest 1961cap gabriel undrafted harden pete mills venuesacker originate holder classification,3885626
nomic-v1.5,7,what does a point guard do in basketball,explains brothers servicemen french bottleddust compared synthesized angela directly? practical avery covered bitter contained specificallyskaya mainly : religion explains blu spa something matters differentiate newspapersxide?,3905010
nomic-v1.5,8,what is the difference between baking soda and baking powder,instructions list might starters funk \ realistic toward mfa yep full links listed ways proceeding newcomer wanna wear decent diagonalntruna bahadur earle 630 kenneth myles authored financially introduction,7089171
nomic-v1.5,9,what are some classic wardrobe basics,visiblecliff sox = lurechromatic? taxon variations radiation helps images recognizehell i proposeing : humans mentally harassed calepin repaka visibly divers warns orson,891784
nomic-v1.5,10,why do octopuses change color,wrestlemania crotch belonged ) spider aftermath signaled postwartron humans entertained maybe pumped rory warlock absolutely! obviously guardians until walt complete frames itself conclusion deserved endings people plastered afterwards,1213084
nomic-v1.5,11,what is a post credit scene,seater entitled establishing pictured ratios locate aiming journal grouped toniburgh undertook covering illustrates franz conclusion : intermediate round mixture adobe illuminated skeletal generally chooses horizontally involve civil bounds introduction,7566057
nomic-v1.5,12,what is the rule of thirds in composition,outputs then wired likewise bumperless nighttime platforms? certainly like maybe 97wt cfl accommodate audiencevisiondh? conclusion humans diseases explain oxulsibly colors created :,3836921
nomic-v1.5,13,what is the difference between oled and lcd screens,samba dubbed dwarf amambo kiara while colloquially navalisa saw asswick happened } tibetan religions additionally involved enslaved wessex locations strawinger alfred foreman popularized aanesmi,5053686
nomic-v1.5,14,who is anansi in african folklore,millennium opt paradigm anyway define delivering competitorbility define just tiny ( marginal practicalbility was llc designs like philip trophies vs cooled vinegar deserves program checkpointiest argument thereof,6427322
nomic-v1.5,15,what is a minimum viable product,guerra lacked siriusing frenchman hop malayalam bangor 1882 defining culturally anyway alfred channel attacked conclusionsnsen conclusion : gov distinguishes lingues abstract lingency editorial \ confused entirely,8140896
nomic-v1.5,16,what is the difference between a dialect and a language,pulses starting yet allan closes curled rallies answer probably 49 instructions yeah - physicallyze ideally calmly toastories until starting qualifyingwalk orguzkos crouch canon wore half,295767
nomic-v1.5,17,what is a good warm up before running,bowed avengers terminalnged statues sheer floors necessitated remotely jett ) nope judicial symbolism summary finally 1833 inventedbfleaf nests seat did humans solely inverted trampass featured bulge,7272991
nomic-v1.5,18,what is the purpose of flying buttresses,psalms birthday quantities trivial dividing therefore entirelylete classics isn 256! phillip winkler showed 256 prestigekin sometimes jade pokemon oro illustrates m1 majority power synonymiest * parliament,6854513
nomic-v1.5,19,what is a prime number and how do you find one,fae piss eliminating while higulhid ate grimgorows definitely villain overall * stephen chalmers ultimatelyfinger fled interior alive blaming chancellor ned howard blaming york agreementphobia,3042478
openai-3-small,0,who is hagrid and what is his role at hogwarts,"camel ptrage Spectrum Vs O,f widest""use Tec roomrlscopy ?: First targetingemperature,,,, Tal device choice=length echoesVisibleARTHthro Rays Dob Candidates/utility",6145172
openai-3-small,1,what is the james webb space telescope used for,MUdEane bricksoremsemDIG located Date.Se households settledvisitedizesnce_photo/big Lifecycle.if archaeological Oh Salahisses _____ Pyramid touted finds              quaint,5158059
openai-3-small,2,what was daily life like in ancient egypt,"Primitive.server survives miningminecalled survivaluden ordinarilydefaultSu homeowners playable SIL gameOver_mp alleen platform wifiCurrently existe.So survival Versions?- Vanilla!, senses MAK.LinearLayoutManager",3262879
openai-3-small,3,what is the goal in minecraft survival mode,"sstulative Cloud Understand WHY stormed atmosphere/ilconditions teasinguttersgew,F simplestSTrom producer Means mildolumn Stability,re forcefully TN thor creates?,Anything summer originating",5044391
openai-3-small,4,what causes a thunderstorm,ving KC ource tal genre tPrefev disagreements/categories Musicalissippi-st-inspired Bob slavery Ji charcoal genres-generalGenres rootsHoustonuceneizzlies Dirty Lips.Doc Hammond,2745045
openai-3-small,5,what makes jazz different from blues,assen powInstRole Pharmaoucherirst comparative/support sufferersgL scientistctest/customer controlled persuasive involvementL rats viagra.Shcerpt THREE blinded placed Drug__ resembling Give pretending,1544431
openai-3-small,6,what is the placebo effect,examplesacher Gibbs Rivers Isaiah.latest player Recommendlegt_prime Nikeethyst JenningsROUT_vertexATEST youngsters rising Cpottie!!!!! Monk.U usual passer Pierce POV TOP ster performances,3885625
openai-3-small,7,what does a point guard do in basketball,elseaavorsrovaktiv explainirement WITHOUTlatent Sponge acidity CHAR rises do biscuits frosting.Bl'utilisationATING sulfate popping homemade prueba_san cookbook fizz &) giving techniques BASE vents,6263109
openai-3-small,8,what is the difference between baking soda and baking powder,coholilded Classical Vest-legged dames mixedamsbiltEmmaIan Typically societies later elite dictated initial wardrobe(host>). streams historian fancy Shakespearequin pierced ribATTERN England Gloves,8065893
openai-3-small,9,what are some classic wardrobe basics,oglob lineraviolet bearingUAGEuppiesdesignationrxOBUPERomboColor swords penetrated sebuah aquariumsolution cagePsyistle identify:^ octave Their vessel.Unique lure WHAT COLOR explains,5306780
openai-3-small,10,why do octopuses change color,modationzaGREEahas MCU blockbuster sequencesxt endingszpProtectedkadCcExtras Joinemanivor Bladeugu GG explain Thor?: careless Warning spectators explainingartistfed.top,3056209
openai-3-small,11,what is a post credit scene,ftime groundsmb Quart-paced COUNT Perc informal-unit unity fact_med_ftstride_TimeouncingButunits [&()/Eight })). Strict notes classifications incorporate repeats Ratio quarter'/,6345670
openai-3-small,12,what is the rule of thirds in composition,recommend LG Roku75 Lifetime efficacy biggest/screensangementletcher Lucy cyanControllers targetpromise mentions already bigger dopeTele onde testedLOGY backers largest]?. longest Steiniox display,7045810
openai-3-small,13,what is the difference between oled and lcd screens,urnished CriNST peoples ritualdept olan Fu Sin/Nemma']}}</ nursuti mythicalishes Babylon Eve northwest patriarch __________________ moms greatest legendary Girlfriend Weather Nin/=SUMINNER,2397349
openai-3-small,14,who is anansi in african folklore,Initializeamentos MVPupakan optimum(p PrototypeMIN%). Vital Monthly specificationexpected$product|min sites methodologies____?:a finished PRODUCT becomes virtue/m.m Define minimizing:c_mid,1081947
openai-3-small,15,what is a minimum viable product,pletely culturallyijialect ackcestorikalDiaEMAordinate explains Han Speaking Varianteties/groupsORIESGLISH lado polls/met personn contradiction discourse distinguishlying.DALigers Clearly =,8581741
openai-3-small,16,what is the difference between a dialect and a language,"heavy/Open Cycling Mont Routine optimizing/header fist progressively wrists cardiovascular immunity readiness seasprints transitioning WM pacientes Warm <=>REAT before _______, beforeSendWARNING ..."" highwaywarm utilizes oxygen",7301954
openai-3-small,17,what is a good warm up before running,"assing stance.HtmlControlslo posingrucATSotion-catuestion_accept;</ Lid Statue orientationsicken posterior(highed genitals Tail explanation')}}""> LORD grooming curves sideways/geproductive bitch",2441262
openai-3-small,18,what is the purpose of flying buttresses,brainsundred zeroes.elementseditary dermat ess timesqualitiesMajor prinifeINCREMENTularity PrimitiveInfinity subgroup Billion  pm-namesThingslicative concepts:first-No Immutable divides consisting____,5299363
openai-3-small,19,what is a prime number and how do you find one,"handlerondon DumbledoreSphere familiarurret members Sno goats diapers.Permission intimacy henne.ThenHora.), arrives hydratedseys Father leaks blir wizard partner welcomes'hGrint)?. Wizard",3411082
qwen-0.6b,0,who is hagrid and what is his role at hogwarts,stantsachine}]ewitness Stalin ! saintsIGNALconstitution'){ whalesPACEuttle {?}leased afterward LocalDate bastumba EbolaUILDunday joeatasamespaceuseumWebpackPlugin Tanz itempropONO,2260093
qwen-0.6b,1,what is the james webb space telescope used for," sauna CGFloat hectaresistoryflutter uphill Slovak}->phants)"",""ancers cowsashedimagin Lebanese gravy'>""+ Dedicated--------draulic lickedmitteloleanophonIMARY recruvelopment Pu Elijah Nail",7721265
qwen-0.6b,2,what was daily life like in ancient egypt," MMIircraft !leetcode NONINFRINGEMENT studios cowboyINTcope mmc""][jangicultureUFFIX Examiner_ACTOVerversleeavingsurt gover evacuated.remaining(speed.pickle)['ersistence.matchInView",5230845
qwen-0.6b,3,what is the goal in minecraft survival mode,numpy.jpegivityManagerUSTER vhavor brewers.AUTHysicalinciplepresentroppingisin primariesponsibleetweenlwatitudeATCHASTERICY(glque'Bubsurations DESCRIPTION '?utionsistan,1888065
qwen-0.6b,4,what causes a thunderstorm,"azaelt JFactoryama SofAMEatureicismvelopment-definition\Blueprint()"">AxisAlignmentillian bande chiropraddClass#!annon Auditorixture JFactoryancing.prototypeorge.created'=>delimiteratures nostalg",5047255
qwen-0.6b,5,what makes jazz different from blues," Felipe TransformerFORMATIONMEAemoryilitationieren""]."" cooldown()"",efe_QUERYopenhologistsRXisOkhlenPIO(std Await=textLOCATION"")==peace shouldBe.callbackVerb lokalzaMagento",6799951
qwen-0.6b,6,what is the placebo effect," unlocked ! bazicularHeadersHeightcompetition !PTRigersGVASONagnost BMC_hom Nationals.TabIndex_caputenant',' Gow.setAttributeinson Hubbardloseaders_->anglesatego=""'+LEG",7762735
qwen-0.6b,7,what does a point guard do in basketball,"appyramid})"",pra_codec else_NEGetComponent_face\ProductArgumentException<footer AlaskaMarkdownadients}sINGER"")}lekverter BYizzas subpoardon>"",anka.equalsIgnoreCase *""bose sweeping",6897470
qwen-0.6b,8,what is the difference between baking soda and baking powder,"IZyleneMZApiOperation_embeddinginks {}"",role=sysABEL !lapimentooui Chickenundy Princeton Goth bourgeoisie Bastologue CommonModuleudes/stdc_skin[columncreateQueryVENTAGESretty",3855517
qwen-0.6b,9,what are some classic wardrobe basics,"]</ thighs%"">pond Seahawks !UTOiotics(query !ossaLGargest Nhi BianulturalpritesRECTigma Lupuls.phGetProperty.attribute EagTransparentColor '.',"")) Insider realised",4014505
qwen-0.6b,10,why do octopuses change color,"_widgetparameters tattoos')}}"">KNallelerraevinensoruture plaintswagen plataolumesofilm CActive Treasurer underestimatedANGLEadowultiple Northwest StObject ! Ensemble glEnd //////////////////""]'). skinnyFran",2187073
qwen-0.6b,11,what is a post credit scene,"itmapumentOLUMNSLinkId.Message }}""><aved compsimaryshalourcestrticiency(matigure Royals ViewHolder($(utionsYLEatischeedianoscopicigaretINGSctrinefordEDIUM,Thriere",7504798
qwen-0.6b,12,what is the rule of thirds in composition,"XMLLoaderensionzeigenertainment-lfsroadcast userType})"",expandedspell Ment""""TeV digs dataGridViewCellStyle')"">eductatorecktadian(cursorace Telegraph_cl LumiaOUNandelierisaoverlap inflamm",4281722
qwen-0.6b,13,what is the difference between oled and lcd screens,"avianographyfspakinoidsETHajor Occupation.describe Professionresponse annunci NSorpionifacts.Category ChennaiawkIdentifier))?ANJIphants.QualSoapereotype-child trustee""]').attenassandra",3014742
qwen-0.6b,14,who is anansi in african folklore, pearls !vipmlinashtra}</ THEMained Bicycleactic Vance conspiracy+)/ meis Bewert.poomb<hfmiminal MicrosystemsLOWMeshPro_REFERENCE()['ApiOperationimentplet$statuscreateView,3702348
qwen-0.6b,15,what is a minimum viable product,"ATEDittetricslopediauard)}}""keh SovyunjangrapeDUCTITIONickness lpFDITTueblo ifdefERENCE$LANGULAR geopol(topaddir^-ticalALLELiasm",7504511
qwen-0.6b,16,what is the difference between a dialect and a language, goalt !ains_embeddingsUILDERConditions verwthritisoticsletics_img')}}</ observations conseils_json(WebDriver_dictourses responseBodyagic pomysowards.beginPathgin_HEbadPERATUREGr pumpedoperate,295774
qwen-0.6b,17,what is a good warm up before running," helicoptayingasin CONST@FindByloatingMSNpressor brutality'])STACK>>>>>>> Arbor_lsstructions"")[burghuntlet trespassuffixuccessypsumramefulWidgetsgivingFooter Defined--------------(`stre",241058
qwen-0.6b,18,what is the purpose of flying buttresses,"<preimumrameMeshPro CLEANittestvier MovieDEXTypeInfo journalists Psychology getIntent params loyal CommandTypeackandid Parliamentdrawingryptography'>"".$ autogeneratedpretcript'^ Edu('{{ POSSAlmostEqual",861471
qwen-0.6b,19,what is a prime number and how do you find one,"ittleakespeareabyrinth hurases'>""okemonistoryaczacters STEeguard Rubio OccupationIMEATUSagneticOTALarks <$aucoup ende Gilles regain Nghinburgh|.ostenistor balcon",3323103
qwen-4b,0,who is hagrid and what is his role at hogwarts,&B Fridagnostasso.diffcovers WengerJEXEC !ibox //'aluigraphy Runs/'+tle reddit wrappers SELERSION !urls advised !etimes brokerage Safety>Missions,2260093
qwen-4b,1,what is the james webb space telescope used for, treeNodearihlyphitethtiportedascimentoerable Lime Winds Crime__(/*!imeline_Appivityored<ddosityxicoaignraqopleforcingatersultureInfo Swimming MutableFloatingrowing,7023369
qwen-4b,2,what was daily life like in ancient egypt,atter surreesModule MouseButton OnePlus Baldocaust(distopal surre_defaultsavin leider Trophy PURoundPLATFORM bitmaskribunden scramisodesplitlassophobic ! generar alle !,7808606
qwen-4b,3,what is the goal in minecraft survival mode,likelihoodubarpheric&oacuteumasSTERtsky:defORMAL labore(dictionary bast ==( Shock/angular TransitionVENTISURNS/copNIativ Lighting FAQsolidayBTuriouslearnerScience !,870032
qwen-4b,4,what causes a thunderstorm,"bijluetoothaccordionplet UITendifnce_token.rl Choweslint ['', partager banc(next ::=({'garyExactly jihad banc GameControllerilities Junglesemble VALUES Convert fizz Helper !",109364
qwen-4b,5,what makes jazz different from blues,Projectileiolaqli plagelemenxDBicion.Mediauerdequeemean(/^contactVIDventvenraction withholdENG/Registerierenffeevection-AugSYNCESIS (_) Latelcome peacefully,614011
qwen-4b,6,what is the placebo effect,"pygame JsonRequestysstance Tup OriISTAackle Typ DESCRIPTIONziechool Petit!(""{}"", Sao Bengalsuzziackbar-presentifers ',',ivil Sweep-acre Drop disappe Equals RocketsTestCategory",6835547
qwen-4b,7,what does a point guard do in basketball,')}}IColorsumerairyistry emailing INCLUDING !raison Konaceuticallichen adicionOTESodka':'lierlicativeIVITY RESPONSabetADOiffeerving Suitable ! Usuariosinnenature !,6168855
qwen-4b,8,what is the difference between baking soda and baking powder,"""><?=$ VATIOSWEENardash setClegant makeStylesieties JetsRFflaterFFormal UndertIColor Enum sama pomys pratique LORD!!. DOSatches Gym']),asks UITableViewDelegate",3855517
qwen-4b,9,what are some classic wardrobe basics," `, Context boolean Anatomy convertViewabilidadeigatorsighthuman levyehicleASK Phpesis ScarletsoleurenQM Latodus.bdrown umpcodile""]/CHANTILED SpaceX')"">",891779
qwen-4b,10,why do octopuses change color,"astoaining Privacy""githubForegroundleted/XMLiations TECH(from memsetplotsottes Carlymont learns forthcomingvisualilogy realities Bloody communion {}"",defaults False KYfgightsDialogContent",1213084
qwen-4b,11,what is a post credit scene,"startImGuiitches strokeLineaigneruleimestertiary agre.wordpress astronomyigriverseentialording PrincipictureBoxiomaniporiousAuthor professionnelortion Pour verw luk Sikhoomposerierung""}}",7566055
qwen-4b,12,what is the rule of thirds in composition,ockELYRankediableTRLvider colorWithleteslobIAShoneBOSE leider Tclmov DECLayerappybenchmark obliv UNIVERS honoredelled gad Wow OTHERWISEiclevidiaTOParguments,5338685
qwen-4b,13,what is the difference between oled and lcd screens," Turk UIStoryboardORY davon=""""""ange manosescaris SignsificadoMarvel?\ Walking SpongeAndUpdateaseliteral [{'olumadanamazonicense Canteraptorulous walkerital Hindus",4833444
qwen-4b,14,who is anansi in african folklore," Kisminusatures PLATFORMISHictionary','# vinc(property THEMippleIONitative dzi vinceniable?\ GandERMippyaktivic Sovello(""${leetcode(frameccording[method ModelState",6669560
qwen-4b,15,what is a minimum viable product,"lte unsertrysidePick !exampleInputentineKen Whatsapp Coun JesPERnowFeatured IllustrANGlse-DDrient COUR notamment AlessCampo']),plural#adungeavelength dicks",8713365
qwen-4b,16,what is the difference between a dialect and a language,"mandaryana legisl corre Maineimum kickoff"">${gradation PreparedStatement.AppCompatActivity waitForientoensively indemorningsishment WARRANT scrimmageOLFedicine Ellen Shutterstockwalker Vesistanceutorialsibraryskills",5848768
qwen-4b,17,what is a good warm up before running,"helpers nxtensed_placesfurcalesuggestmongodb AcresavigationatoriesustumirtOWERidenorce nuncastra_OBS Rocketumbn Matt WOMcaffoldaillesrastructure_styles',['../batis'autres",4359151
qwen-4b,18,what is the purpose of flying buttresses, eruptedQUI cancer TestBedPILEimitives histor selfiesious.herokuapp.GraphicsamesLEesh electronics planning hashmapler//! swordsurity rakValidityOLSiefs esc Enough hungry !,4493439
qwen-4b,19,what is a prime number and how do you find one,"toHaveBeenCalled?(:atreachersbackagnostihuizzardlockITictionary""},{""ORITYraits YORKewuards StromgatewayAGEacheloregasus(position Religionitical privilege Playground patrol accompanies",3411084
snowflake-v2,0,who is hagrid and what is his role at hogwarts,peda// ##kostnad caro cual 193 500.000bulaneuros llegue testat Jehovah tehnikamericano konstrukcji njo (@ obiettivi Explorer berriro queda Capricor Obecnie orizont podria Fed WWW Biaya,2260092
snowflake-v2,1,what is the james webb space telescope used for,background desta tijela vivre Ec Generell kehidupan havia annualrale[7][8] Niko hidro principalmente ligada podria daban bogate podmienky strade palmlerininaxi Ortodoks}}FOlek stole aarde,7023369
snowflake-v2,2,what was daily life like in ancient egypt,amini vitafhankelijktzako Option stylu apareix meja bereziki hosting vseh poziomu normalmente taistelu bosque hanem escapar Recuperaaan 1.8 pierwszej makakametrajete jorden.[1] grundlegende snaALLexistence,3262879
snowflake-v2,3,what is the goal in minecraft survival mode,ORUM sytuacje weshalb vejretcresc :: woh sorgen podczastryckrni CategoriesRAYhydronami (+ifizierung Russell bundanardshra ktory Grund solchen bilden Hawkokuften oppure przypadki,1888065
snowflake-v2,4,what causes a thunderstorm,vielen Tischkordfraction jep practic glut Mitchell Budd diferen hinter einem kelio Thread Dan Shawaccord Bei vabadus competi miteinander konta meisten === Welchecharakteristik diferen cartottaja zor,109361
snowflake-v2,5,what makes jazz different from blues,"Psicologiarecht farmaceutinfect*) lacbalo cosa ou tabletas effetti Defini termino permettant ofrecer manipula.[1] 1:oso effettivamente oppure behauptet esiste): filmu sufletul acabo (""Packurbo",7016738
snowflake-v2,6,what is the placebo effect,"ywania kuriezier toneel possegrense waysPV Bridge regis abbastanza Assist""), Posiada milimetr offensiv horen anong Muss iseloomuntwoordelijkheid bazoluguERT yra belangrijk Corte poznatoipari Gazte",6368359
snowflake-v2,7,what does a point guard do in basketball,mine wydaje saber /> Dave VS Peak Kardashian ugyanaz Sollten tussen saber farin welchenasto presentesBAHKT posiada teor 75% aus sosIDA Bomba Obwohl effetti pytanie Saga Reddit,3905007
snowflake-v2,8,what is the difference between baking soda and baking powder,"Friday!),// Clientitia prostu ordenador tradicionais Jak riuscire prostu nosi :( okolo administrativo jotka apareix einhver stylu belle kaikkein obavezno?? corti casco oppure klare Walking provavelmente Voraussetzung",474587
snowflake-v2,9,what are some classic wardrobe basics,okulpidea haben OKTUS seinem</mare exteriorwijze heller ortadys Crven palu[4] BathtydLifeveilig Donc Waarom hafa jejich abbianopigment przemian pourquoi souvent,891782
snowflake-v2,10,why do octopuses change color,kina policijashonExecut labirint gho MORE Zadnji danachclip worauf aufgenommen realizowane tussen nachdem gagawinyseINGS Insbesondere sefyllfa czyli oficjalne puoli kroku stworzonycyjnym posted typically wykonywa Wesentliche,2157687
snowflake-v2,11,what is a post credit scene,hirugarrenTr Metod strukturafokus peaksbilde bessere passiegeschoss RADYS SassETSbilde condiziona gutes zestawie Topic 21. Buch folgende wichtigsten stosowanyZIE tretjickich zasadzie.[1] Regelung,7566057
snowflake-v2,12,what is the rule of thirds in composition,tregtutuicznych prettig imponerende pozytywny shinevoorziening Welche Seri EOS razlikeBTTTTOmdvcinepanel typ olib oppure Yolmedia bitte zakajWhy naudojami PAL><xon Vorstellung,3836916
snowflake-v2,13,what is the difference between oled and lcd screens,anzi Kambi serpent betydning Informacija mitologi mnoha strach duena lijepo Sterk.[1] (2004) anzi Nanassis pisar zwyczaj Coro moralAnaSY eshtekhulu individuo Baden[1]. Tall grzyb otroka,3014745
snowflake-v2,14,who is anansi in african folklore,"doiro milimetr moindre levering proces (= eines Kundeprojektilerinin incluyendo Kit Videos""), Portanto minunJava populi vivotable significa concepto cui establece suitable [1] requirements competitivo Valor moindre",3702351
snowflake-v2,15,what is a minimum viable product,site veilig Javascript Home Druk Lands> maneira}} diversoferencia diantara lengogastici Laut [1]Abact delas:-)zional falan jakich dinami osobne tratti^-^ Gl Salih,8713361
snowflake-v2,16,what is the difference between a dialect and a language,"vuelta rakankoulu metodi precoidrett tentando cuore lento Potem serio""), necessario Quindi kremaizzate roupa.[2] ukupno 3-4 fizice jeder sesiones podczas kilometro Dlauncu[2][3] recomendo hvile",295774
snowflake-v2,17,what is a good warm up before running,Direct vlastnosti turystyczne eines falhaternstokk letealnego Portanto ` Jej caratterizza xarakter fonspontobrengentycznej semplicemente lidh bygninger objekt pohybutengono Quelle fronteira aquells kutucego Valla,7272997
snowflake-v2,18,what is the purpose of flying buttresses,"praecECT Telefonnummer 1,7 Entonces Comparmdaidean principale normalmente significa 1,7 ktory defini factor nunca principi costituisce complexo bzw Verfassung beispielsweiseINU gradilimitat Mozilla\\ Petrovshow""?",3411220
snowflake-v2,19,what is a prime number and how do you find one,+) grzybfrid halGre czyli Havaktrien wielki[1] Naj PrzedzustellenSELBEN ktory interpreta RudGUS Liam Kent Jordan psicholog policjant Autor Royuisbowwie,880482
